"","x"
"1","g"
"2","g"
"3","g"
"4","g"
"5","t"
"6","a"
"7","g"
"8","t"
"9","g"
"10","t"
"11","a"
"12","t"
"13","g"
"14","c"
"15","a"
"16","c"
"17","c"
"18","t"
"19","c"
"20","a"
"21","t"
"22","t"
"23","g"
"24","a"
"25","c"
"26","a"
"27","c"
"28","a"
"29","c"
"30","t"
"31","a"
"32","t"
"33","a"
"34","a"
"35","t"
"36","a"
"37","a"
"38","a"
"39","t"
"40","g"
"41","t"
"42","t"
"43","t"
"44","t"
"45","t"
"46","a"
"47","g"
"48","a"
"49","c"
"50","t"
"51","g"
"52","g"
"53","c"
"54","t"
"55","g"
"56","a"
"57","a"
"58","t"
"59","c"
"60","a"
"61","c"
"62","a"
"63","c"
"64","t"
"65","t"
"66","t"
"67","g"
"68","g"
"69","t"
"70","g"
"71","c"
"72","g"
"73","a"
"74","t"
"75","g"
"76","t"
"77","a"
"78","c"
"79","a"
"80","a"
"81","c"
"82","c"
"83","t"
"84","a"
"85","g"
"86","g"
"87","c"
"88","t"
"89","a"
"90","a"
"91","t"
"92","a"
"93","g"
"94","t"
"95","c"
"96","c"
"97","a"
"98","g"
"99","t"
"100","c"
"101","c"
"102","t"
"103","c"
"104","g"
"105","g"
"106","c"
"107","g"
"108","a"
"109","c"
"110","t"
"111","c"
"112","t"
"113","a"
"114","a"
"115","g"
"116","t"
"117","c"
"118","t"
"119","t"
"120","t"
"121","a"
"122","t"
"123","g"
"124","a"
"125","g"
"126","a"
"127","g"
"128","g"
"129","g"
"130","c"
"131","c"
"132","a"
"133","c"
"134","t"
"135","t"
"136","g"
"137","a"
"138","t"
"139","a"
"140","a"
"141","a"
"142","g"
"143","g"
"144","a"
"145","c"
"146","a"
"147","a"
"148","a"
"149","t"
"150","c"
"151","a"
"152","g"
"153","g"
"154","a"
"155","g"
"156","g"
"157","g"
"158","c"
"159","a"
"160","c"
"161","a"
"162","a"
"163","c"
"164","t"
"165","c"
"166","g"
"167","a"
"168","a"
"169","a"
"170","c"
"171","g"
"172","g"
"173","c"
"174","a"
"175","t"
"176","c"
"177","t"
"178","a"
"179","t"
"180","c"
"181","t"
"182","t"
"183","g"
"184","a"
"185","t"
"186","t"
"187","t"
"188","a"
"189","a"
"190","t"
"191","g"
"192","a"
"193","a"
"194","t"
"195","g"
"196","t"
"197","a"
"198","a"
"199","t"
"200","t"
"201","c"
"202","g"
"203","g"
"204","t"
"205","g"
"206","a"
"207","c"
"208","a"
"209","g"
"210","g"
"211","c"
"212","g"
"213","a"
"214","t"
"215","a"
"216","a"
"217","c"
"218","t"
"219","a"
"220","a"
"221","g"
"222","a"
"223","a"
"224","c"
"225","c"
"226","c"
"227","g"
"228","a"
"229","a"
"230","g"
"231","t"
"232","c"
"233","a"
"234","g"
"235","g"
"236","a"
"237","c"
"238","a"
"239","g"
"240","c"
"241","t"
"242","t"
"243","c"
"244","a"
"245","c"
"246","a"
"247","a"
"248","c"
"249","a"
"250","c"
"251","c"
"252","a"
"253","g"
"254","g"
"255","c"
"256","g"
"257","t"
"258","t"
"259","a"
"260","a"
"261","a"
"262","t"
"263","a"
"264","a"
"265","c"
"266","t"
"267","a"
"268","t"
"269","a"
"270","a"
"271","c"
"272","g"
"273","a"
"274","g"
"275","g"
"276","t"
"277","a"
"278","g"
"279","a"
"280","t"
"281","c"
"282","c"
"283","a"
"284","t"
"285","a"
"286","t"
"287","g"
"288","c"
"289","g"
"290","t"
"291","t"
"292","a"
"293","c"
"294","a"
"295","t"
"296","c"
"297","c"
"298","t"
"299","a"
"300","c"
"301","c"
"302","t"
"303","a"
"304","t"
"305","t"
"306","c"
"307","t"
"308","g"
"309","a"
"310","c"
"311","g"
"312","c"
"313","g"
"314","c"
"315","a"
"316","a"
"317","a"
"318","t"
"319","c"
"320","a"
"321","a"
"322","c"
"323","t"
"324","c"
"325","a"
"326","c"
"327","a"
"328","c"
"329","g"
"330","c"
"331","a"
"332","a"
"333","c"
"334","g"
"335","c"
"336","g"
"337","g"
"338","a"
"339","a"
"340","c"
"341","c"
"342","g"
"343","c"
"344","c"
"345","g"
"346","a"
"347","c"
"348","a"
"349","c"
"350","c"
"351","a"
"352","a"
"353","t"
"354","t"
"355","c"
"356","a"
"357","a"
"358","t"
"359","a"
"360","a"
"361","c"
"362","g"
"363","c"
"364","g"
"365","t"
"366","a"
"367","c"
"368","a"
"369","c"
"370","a"
"371","g"
"372","t"
"373","g"
"374","a"
"375","c"
"376","g"
"377","g"
"378","t"
"379","c"
"380","c"
"381","c"
"382","c"
"383","g"
"384","a"
"385","g"
"386","c"
"387","c"
"388","t"
"389","c"
"390","a"
"391","a"
"392","t"
"393","t"
"394","c"
"395","t"
"396","g"
"397","g"
"398","g"
"399","g"
"400","c"
